ID,Nombre de la prueba,Tipo,Resultado esperado,Resultado obtenido,M√≥dulo a probar,Resultado,Candidato a automatizar,Observaci√≥n,Responsable de ejecuci√≥n,Complejidad
"CP-NFN-001","Evaluar eficiencia del flujo de registro de inventario en tablet","No funcional ‚Äì Usabilidad/Rendimiento","Completar el flujo de 'Movimiento de Stock' (Entrada/Salida/Ajuste) en <5s con viewport 768x1024; sin errores de UI","Pendiente de ejecuci√≥n","Warehouse Dashboard","Pendiente","S√≠ (E2E Selenium en Edge, emulando tablet)","Medir tiempo desde abrir 'Movimiento de Stock' hasta mensaje de √©xito; preparar dataset con productos visibles","QA E2E","Media"
"CP-NFN-002","Verificar legibilidad y tama√±o de elementos en tablet","No funcional ‚Äì Usabilidad/Responsividad","Font-size ‚â•14px; botones/tap-targets ‚â•48x48 px; sin overflow ni solapamiento","Pendiente de ejecuci√≥n","Warehouse Dashboard y navegaci√≥n","Pendiente","S√≠ (Selenium verificando tama√±os y estilos computados)","Extraer computed styles y dimensiones; considerar variaciones por styled-components","QA UI","Media"
"CP-NFN-003","Prueba de Carga: 50 usuarios concurrentes (login + dashboard)","No funcional ‚Äì Carga/Performance","p95 login <1s; p95 carga /warehouse-dashboard <2s","Pendiente de ejecuci√≥n","Autenticaci√≥n backend y ruta protegida","Pendiente","S√≠ (Locust para API + mediciones)","Requiere entorno de performance y datos; definir m√©tricas y dashboards","QA Performance","Alta"
"CP-NFN-004","Prueba de estr√©s: registro de salidas de inventario","No funcional ‚Äì Estr√©s","Identificar punto de ruptura sin inconsistencias de stock; degradaci√≥n controlada","Pendiente de ejecuci√≥n","Actualizaci√≥n de stock (PATCH) y flujo de 'Salida'","Pendiente","S√≠ (Locust sobre API de productos)","Gap: UI evita stock negativo pero no retorna error en 'out > stock'; sugerir validaci√≥n en backend","QA Performance","Alta"
"CP-NFN-005","Prueba de Volumen: generaci√≥n de reportes de stock","No funcional ‚Äì Volumen","Generar reporte en <10s con BD de >10k productos","Pendiente de ejecuci√≥n","Generaci√≥n de reportes en dashboard","Pendiente","S√≠ (seed + E2E con medici√≥n)","Usar scripts de seed (populate_db_safe.py); revisar √≠ndices en BD","QA Performance","Alta"
"CP-NFN-006","Render y funcionalidad del m√≥dulo de inventario en Firefox/Edge","Compatibilidad","UI consistente y flujos clave operativos en ambos navegadores","Pendiente de ejecuci√≥n","Warehouse Dashboard (y navegaci√≥n general)","Pendiente","S√≠ (E2E parametrizando navegador)","A√±adir soporte Firefox al conftest; requerir√° geckodriver o webdriver_manager","QA Cross-browser","Media"
"CP-NFN-007","Compatibilidad Safari en iPad","Compatibilidad","UI y flujos correctos en Safari iOS (iPad)","Pendiente de ejecuci√≥n","Aplicaci√≥n web general","Pendiente","S√≠ v√≠a BrowserStack/SauceLabs; emulaci√≥n local valida responsividad","Requiere servicio externo; definir dispositivos y versiones","QA Cross-browser","Alta"
"CP-NFN-008","Operador de campo no puede generar reportes","Seguridad/Acceso","No ver pesta√±a 'üìã Reportes' ni bot√≥n 'Generar Nuevo Reporte'; acceso restringido por rol","Pendiente de ejecuci√≥n","Navbar/App (protecci√≥n de rutas) y Warehouse Dashboard","Pendiente","S√≠ (E2E)","Crear usuario no staff; verificar ausencia de elementos de reportes","QA E2E","Baja"
"CP-NFN-009","Usuario no autenticado es redirigido a login","Seguridad/Acceso","Redirecci√≥n a login al acceder a rutas protegidas (ej. /warehouse-dashboard)","Parcialmente cubierto; ampliar cobertura","Rutas protegidas en frontend","Pendiente","S√≠ (E2E)","Reusar test existente ampliando a m√°s rutas","QA E2E","Baja"
"CP-NFN-010","Consistencia de datos de inventario tras operaciones concurrentes","Concurrencia/Integridad","Stock final consistente tras mezcla de 'in' y 'out'; sin condiciones de carrera visibles","Pendiente de ejecuci√≥n","API de productos (stock)","Pendiente","S√≠ (Locust/API)","Puede requerir transacciones/locks en backend; dise√±ar verificaci√≥n final","QA Performance","Alta"
"CP-FUNC-001","Agr√≥nomo puede crear una solicitud de compra (Flujo Normal)","Funcional","Solicitud/orden creada correctamente; estado inicial esperado","Pendiente de ejecuci√≥n","Carrito/√ìrdenes (backend y/o frontend)","Pendiente","S√≠ (API/E2E)","Mapear endpoints en backend/api/urls.py y vistas asociadas","QA Funcional","Media"
"CP-FUNC-002","Rechazo por cantidad inv√°lida en solicitud de compra (Flujo Alternativo)","Validaci√≥n","Respuesta 400 al intentar agregar cantidad ‚â§0","Pendiente de ejecuci√≥n","Backend (add_item en productos/orden)","Pendiente","S√≠ (API test)","Confirmar validaci√≥n implementada en backend","QA Funcional","Baja"
"CP-FUNC-003","Operador de campo registra verificaci√≥n de un inventario","Funcional","Ajuste de stock aplicado y movimiento registrado","Pendiente de ejecuci√≥n","Warehouse Dashboard (modal 'üìà Registrar Movimiento de Stock')","Pendiente","S√≠ (E2E)","Seleccionar 'Ajuste', raz√≥n 'Verificaci√≥n'; validar mensaje de √©xito y stock actualizado","QA E2E","Baja"
"CP-FUNC-004","Controlador de inventario registra salida por aplicaci√≥n en cultivo","Funcional","Stock decrementado y movimiento visible en historial","Pendiente de ejecuci√≥n","Warehouse Dashboard","Pendiente","S√≠ (E2E)","Seleccionar 'Salida', raz√≥n 'Aplicaci√≥n en cultivo'; verificar stock y movimiento en lista","QA E2E","Baja"
"CP-FUNC-005","El sistema impide registrar una salida mayor al stock disponible","Validaci√≥n","Operaci√≥n rechazada con error (400)","Gap actual (UI clampa a ‚â•0, no error)","Backend de productos (validaci√≥n de stock)","Pendiente/Blocked","S√≠, inicialmente con xfail/skip","Requiere agregar validaci√≥n en backend","QA Funcional + Dev","Media"
"CP-FUNC-006","Jefe de bodega genera reporte de niveles de abastecimiento","Funcional","Reporte creado y visible en listado, con m√©tricas (stock bajo, sin stock, total)","Pendiente de ejecuci√≥n","Warehouse Dashboard (secci√≥n 'üìã Reportes de Inventario')","Pendiente","S√≠ (E2E)","Verificar que el nuevo reporte aparece en la tabla tras 'Generar Nuevo Reporte'","QA E2E","Baja"
"CP-FUNC-007","Exportaci√≥n del reporte de stock a formato CSV","Funcional","Descarga de CSV con datos correctos","No implementado (gap)","Reports/export","No aplica","No por ahora","Requiere desarrollo de feature/endpoints de exportaci√≥n","QA Funcional + Dev","Media"
"CP-FUNC-008","Alarma de recambio de trampa de cebo","Funcional","Alarma generada conforme reglas definidas","No implementado (gap)","Alarms/Monitoreo","No aplica","No por ahora","Necesita dise√±o funcional y endpoints","QA Funcional + Dev","Alta"
"CP-FUNC-009","Visualizaci√≥n de datos del tiempo desde servicio externo","Integraci√≥n","Datos correctos mostrados y actualizados","No implementado (gap)","Integraci√≥n clima (frontend/backend)","No aplica","No por ahora","Verificar si existen endpoints; no se han identificado en el repo actual","QA Funcional + Dev","Media/Alta"
"CP-FUNC-010","Un operario puede enviar un comentario v√≠a casilla de sugerencias","Funcional","Comentario enviado, persistido y visible en panel correspondiente","No implementado (gap)","Feedback/Sugerencias","No aplica","No por ahora","No se observa m√≥dulo de sugerencias en el frontend/backend actual","QA Funcional + Dev","Baja/Media"